# generated by scripts/gen-schema.py -- edit `type` and `apply` by hand,
# but regenerate rather than hand-adding keys. See the drift test.
name	store	address	section	type	apply	writable	common
WAN_MODE	cs	WAN_MODE	wan	int	unknown	yes	no
LAN_IP_ADDR	cs	LAN_IP_ADDR	lan	ipv4	unknown	yes	yes
LAN_SUBNET	cs	LAN_SUBNET	lan	ipv4	unknown	yes	no
LAN_ENABLE_IP2	cs	LAN_ENABLE_IP2	lan	int	unknown	yes	no
LAN_IP_ADDR2	cs	LAN_IP_ADDR2	lan	ipv4	unknown	yes	no
LAN_SUBNET2	cs	LAN_SUBNET2	lan	ipv4	unknown	yes	no
LAN_RIP	cs	LAN_RIP	lan	int	unknown	yes	no
LAN_AUTOSEARCH	cs	LAN_AUTOSEARCH	lan	int	unknown	yes	no
DNS_MODE	cs	DNS_MODE	lan	int	unknown	yes	no
DNS1	cs	DNS1	lan	ipv4	unknown	yes	no
DNS2	cs	DNS2	lan	ipv4	unknown	yes	no
DNS3	cs	DNS3	lan	ipv4	unknown	yes	no
ADSL_MODE	cs	ADSL_MODE	other	int	unknown	yes	no
ADSL_OLR	cs	ADSL_OLR	other	int	unknown	yes	no
USER_NAME	cs	USER_NAME	accounts	string	unknown	yes	no
USER_PASSWORD	cs	USER_PASSWORD	accounts	string	unknown	yes	no
DEVICE_TYPE	cs	DEVICE_TYPE	other	int	restart:omci	yes	yes
INIT_LINE	cs	INIT_LINE	other	int	unknown	yes	no
INIT_SCRIPT	cs	INIT_SCRIPT	other	int	unknown	yes	no
SNMP_SYS_NAME	cs	SNMP_SYS_NAME	other	string	unknown	yes	no
VC_AUTOSEARCH	cs	VC_AUTOSEARCH	other	int	unknown	yes	no
BR_AGEING_TIME	cs	BR_AGEING_TIME	other	int	unknown	yes	no
BR_STP_ENABLED	cs	BR_STP_ENABLED	other	int	unknown	yes	no
MP_MODE	cs	MP_MODE	other	int	unknown	yes	no
SPC_ENABLED	cs	SPC_ENABLED	other	int	unknown	yes	no
SPC_IPTYPE	cs	SPC_IPTYPE	other	int	unknown	yes	no
MP_FIN	cs	MP_FIN	other	int	unknown	yes	no
MULTI_LINGUAL_STATE	cs	MULTI_LINGUAL_STATE	other	string	unknown	yes	no
TFTP_SERVER_ADDR	cs	TFTP_SERVER_ADDR	other	string	unknown	yes	no
POSIX_TZ_STRING	cs	POSIX_TZ_STRING	other	string	unknown	yes	no
BOOT_FILENAME	cs	BOOT_FILENAME	other	string	unknown	yes	no
UPNP	cs	UPNP	other	int	unknown	yes	no
UPNP_EXT_ITF	cs	UPNP_EXT_ITF	other	int	unknown	yes	no
SYSLOG_LOG_LEVEL	cs	SYSLOG_LOG_LEVEL	other	int	unknown	yes	no
SYSLOG_DISPLAY_LEVEL	cs	SYSLOG_DISPLAY_LEVEL	other	int	unknown	yes	no
SYSLOG_SERVER	cs	SYSLOG_SERVER	other	hostport	unknown	yes	no
SUSER_NAME	cs	SUSER_NAME	accounts	string	unknown	yes	yes
SUSER_PASSWORD	cs	SUSER_PASSWORD	accounts	string	unknown	yes	yes
E8BDUSER_NAME	cs	E8BDUSER_NAME	accounts	string	unknown	yes	no
E8BDUSER_PASSWORD	cs	E8BDUSER_PASSWORD	accounts	string	unknown	yes	no
ADSL_TONE	cs	ADSL_TONE	other	string	unknown	yes	no
DIRECT_BRIDGE_MODE	cs	DIRECT_BRIDGE_MODE	other	int	unknown	yes	no
ADSL_HIGH_INP	cs	ADSL_HIGH_INP	other	int	unknown	yes	no
SYSLOG	cs	SYSLOG	other	int	unknown	yes	no
MAXLOGLEN	cs	MAXLOGLEN	other	int	unknown	yes	no
ADSLDBG	cs	ADSLDBG	other	int	unknown	yes	no
MIB_ETH_MAC_CTRL	cs	MIB_ETH_MAC_CTRL	other	int	unknown	yes	no
MIB_WLAN_MAC_CTRL	cs	MIB_WLAN_MAC_CTRL	other	int	unknown	yes	no
SNOOPING_ENABLED	cs	SNOOPING_ENABLED	other	int	unknown	yes	no
LOID	cs	LOID	other	string	restart:omci	yes	no
LOID_PASSWD	cs	LOID_PASSWD	other	string	restart:omci	yes	no
LOID_OLD	cs	LOID_OLD	other	string	restart:omci	yes	no
LOID_PASSWD_OLD	cs	LOID_PASSWD_OLD	other	string	restart:omci	yes	no
PROVINCE_TRAP_PPPOE_TRAFFIC	cs	PROVINCE_TRAP_PPPOE_TRAFFIC	other	int	unknown	yes	no
GPON_PLOAM_FORMAT	cs	GPON_PLOAM_FORMAT	gpon	int	unknown	identity	yes
GPON_PLOAM_PASSWD	cs	GPON_PLOAM_PASSWD	gpon	hexascii	restart:omci	identity	yes
OMCI_DBGLVL	cs	OMCI_DBGLVL	omci	int	restart:omci	yes	no
OMCI_LOGFILE	cs	OMCI_LOGFILE	omci	int	restart:omci	yes	no
OMCI_PORT_TYPE	cs	OMCI_PORT_TYPE	omci	int	unknown	yes	no
DUAL_MGMT_MODE	cs	DUAL_MGMT_MODE	other	int	restart:omci	yes	yes
OMCI_CUSTOM_BDP	cs	OMCI_CUSTOM_BDP	omci	int	restart:omci	yes	yes
OMCI_CUSTOM_RDP	cs	OMCI_CUSTOM_RDP	omci	int	restart:omci	yes	yes
OMCI_CUSTOM_MCAST	cs	OMCI_CUSTOM_MCAST	omci	int	restart:omci	yes	yes
OMCI_CUSTOM_ME	cs	OMCI_CUSTOM_ME	omci	int	restart:omci	yes	yes
OMCI_VENDOR_PRODUCT_CODE	cs	OMCI_VENDOR_PRODUCT_CODE	omci	int	unknown	yes	no
OMCI_FAKE_OK	cs	OMCI_FAKE_OK	omci	int	unknown	yes	yes
OMCI_VEIP_SLOT_ID	cs	OMCI_VEIP_SLOT_ID	omci	int	restart:omci	yes	no
OMCI_WAN_QOS_QUEUE_NUM	cs	OMCI_WAN_QOS_QUEUE_NUM	omci	int	unknown	yes	no
RTK_IGMP_DBGEN	cs	RTK_IGMP_DBGEN	hardware	int	unknown	yes	no
RTK_IGMP_DROPV1	cs	RTK_IGMP_DROPV1	hardware	int	unknown	yes	no
RTK_IGMP_VIDTYPE	cs	RTK_IGMP_VIDTYPE	hardware	int	unknown	yes	no
RTK_IGMP_TAGDECISION	cs	RTK_IGMP_TAGDECISION	hardware	int	unknown	yes	no
VLAN_CFG_TYPE	cs	VLAN_CFG_TYPE	vlan	int	restart:omci	yes	yes
VLAN_MANU_MODE	cs	VLAN_MANU_MODE	vlan	int	restart:omci	yes	yes
VLAN_MANU_TAG_VID	cs	VLAN_MANU_TAG_VID	vlan	int	restart:omci	yes	yes
VLAN_MANU_TAG_PRI	cs	VLAN_MANU_TAG_PRI	vlan	int	restart:omci	yes	yes
OMCI_OLT_MODE	cs	OMCI_OLT_MODE	omci	int	unknown	yes	yes
OMCI_SW_VER1	cs	OMCI_SW_VER1	omci	string	unknown	yes	no
OMCI_SW_VER2	cs	OMCI_SW_VER2	omci	string	unknown	yes	no
OMCC_VER	cs	OMCC_VER	other	int	unknown	yes	no
OMCI_TM_OPT	cs	OMCI_TM_OPT	omci	int	unknown	yes	no
OMCI_LOGFILE_MASK	cs	OMCI_LOGFILE_MASK	omci	int	restart:omci	yes	no
REBOOT_TIME	cs	REBOOT_TIME	other	int	unknown	yes	no
DHCP_PORT_FILTER	cs	DHCP_PORT_FILTER	dhcp	int	unknown	yes	no
NTP_EXT_ITF	cs	NTP_EXT_ITF	other	int	unknown	yes	no
NTP_SERVER	cs	NTP_SERVER	other	hostport	unknown	yes	no
ONU_HW_VERSION	cs	ONU_HW_VERSION	omci	ascii14	unknown	yes	no
OLT_SW_DOWNLOAD	cs	OLT_SW_DOWNLOAD	omci	string	unknown	yes	no
OMCI_UNKNOWN_ME_OK	cs	OMCI_UNKNOWN_ME_OK	omci	int	unknown	yes	no
FIBER_MODE	cs	FIBER_MODE	other	int	unknown	never	no
RTK_DEVID_MANUFACTURER	cs	RTK_DEVID_MANUFACTURER	hardware	string	unknown	yes	no
RTK_DEVID_OUI	cs	RTK_DEVID_OUI	hardware	string	unknown	yes	no
RTK_DEVID_PRODUCTCLASS	cs	RTK_DEVID_PRODUCTCLASS	hardware	string	unknown	yes	no
RTK_DEVINFO_SPECVER	cs	RTK_DEVINFO_SPECVER	hardware	string	unknown	yes	no
RTK_DEVINFO_SWVER	cs	RTK_DEVINFO_SWVER	hardware	string	unknown	yes	no
RTK_DEVINFO_HWVER	cs	RTK_DEVINFO_HWVER	hardware	string	unknown	yes	no
DEVICE_NAME	cs	DEVICE_NAME	other	string	unknown	yes	no
SW_PORT_TBL[0].PVCInterface	cs	SW_PORT_TBL.0.PVCInterface	switch	int	unknown	yes	no
SW_PORT_TBL[0].InterfaceGroup	cs	SW_PORT_TBL.0.InterfaceGroup	switch	int	unknown	yes	no
SW_PORT_TBL[0].PVID	cs	SW_PORT_TBL.0.PVID	switch	int	unknown	yes	no
SW_PORT_TBL[0].LinkMode	cs	SW_PORT_TBL.0.LinkMode	switch	int	unknown	yes	no
SW_PORT_TBL[0].VLAN on LAN Enabled	cs	SW_PORT_TBL.0.VLAN on LAN Enabled	switch	int	unknown	yes	no
SW_PORT_TBL[0].VLAN on LAN InterfaceGroup	cs	SW_PORT_TBL.0.VLAN on LAN InterfaceGroup	switch	int	unknown	yes	no
SW_PORT_TBL[0].VID	cs	SW_PORT_TBL.0.VID	switch	int	unknown	yes	no
SW_PORT_TBL[1].PVCInterface	cs	SW_PORT_TBL.1.PVCInterface	switch	int	unknown	yes	no
SW_PORT_TBL[1].InterfaceGroup	cs	SW_PORT_TBL.1.InterfaceGroup	switch	int	unknown	yes	no
SW_PORT_TBL[1].PVID	cs	SW_PORT_TBL.1.PVID	switch	int	unknown	yes	no
SW_PORT_TBL[1].LinkMode	cs	SW_PORT_TBL.1.LinkMode	switch	int	unknown	yes	no
SW_PORT_TBL[1].VLAN on LAN Enabled	cs	SW_PORT_TBL.1.VLAN on LAN Enabled	switch	int	unknown	yes	no
SW_PORT_TBL[1].VLAN on LAN InterfaceGroup	cs	SW_PORT_TBL.1.VLAN on LAN InterfaceGroup	switch	int	unknown	yes	no
SW_PORT_TBL[1].VID	cs	SW_PORT_TBL.1.VID	switch	int	unknown	yes	no
AUTO_PVC_SEARCH_TBL[0].VPI	cs	AUTO_PVC_SEARCH_TBL.0.VPI	switch	int	unknown	yes	no
AUTO_PVC_SEARCH_TBL[0].VCI	cs	AUTO_PVC_SEARCH_TBL.0.VCI	switch	int	unknown	yes	no
AUTO_PVC_SEARCH_TBL[1].VPI	cs	AUTO_PVC_SEARCH_TBL.1.VPI	switch	int	unknown	yes	no
AUTO_PVC_SEARCH_TBL[1].VCI	cs	AUTO_PVC_SEARCH_TBL.1.VCI	switch	int	unknown	yes	no
AUTO_PVC_SEARCH_TBL[2].VPI	cs	AUTO_PVC_SEARCH_TBL.2.VPI	switch	int	unknown	yes	no
AUTO_PVC_SEARCH_TBL[2].VCI	cs	AUTO_PVC_SEARCH_TBL.2.VCI	switch	int	unknown	yes	no
AUTO_PVC_SEARCH_TBL[3].VPI	cs	AUTO_PVC_SEARCH_TBL.3.VPI	switch	int	unknown	yes	no
AUTO_PVC_SEARCH_TBL[3].VCI	cs	AUTO_PVC_SEARCH_TBL.3.VCI	switch	int	unknown	yes	no
AUTO_PVC_SEARCH_TBL[4].VPI	cs	AUTO_PVC_SEARCH_TBL.4.VPI	switch	int	unknown	yes	no
AUTO_PVC_SEARCH_TBL[4].VCI	cs	AUTO_PVC_SEARCH_TBL.4.VCI	switch	int	unknown	yes	no
AUTO_PVC_SEARCH_TBL[5].VPI	cs	AUTO_PVC_SEARCH_TBL.5.VPI	switch	int	unknown	yes	no
AUTO_PVC_SEARCH_TBL[5].VCI	cs	AUTO_PVC_SEARCH_TBL.5.VCI	switch	int	unknown	yes	no
AUTO_PVC_SEARCH_TBL[6].VPI	cs	AUTO_PVC_SEARCH_TBL.6.VPI	switch	int	unknown	yes	no
AUTO_PVC_SEARCH_TBL[6].VCI	cs	AUTO_PVC_SEARCH_TBL.6.VCI	switch	int	unknown	yes	no
AUTO_PVC_SEARCH_TBL[7].VPI	cs	AUTO_PVC_SEARCH_TBL.7.VPI	switch	int	unknown	yes	no
AUTO_PVC_SEARCH_TBL[7].VCI	cs	AUTO_PVC_SEARCH_TBL.7.VCI	switch	int	unknown	yes	no
SUPER_NAME	hs	SUPER_NAME	accounts	string	unknown	yes	no
SUPER_PASSWORD	hs	SUPER_PASSWORD	accounts	string	unknown	yes	no
TEST_MAC_ADDR	hs	TEST_MAC_ADDR	other	string	unknown	yes	no
ELAN_MAC_ADDR	hs	ELAN_MAC_ADDR	hardware	mac	unknown	identity	yes
WLAN_MAC_ADDR	hs	WLAN_MAC_ADDR	hardware	mac	unknown	identity	no
MAC_KEY	hs	MAC_KEY	hardware	hex32	unknown	identity	yes
RESTORE_DEFAULT_EN	hs	RESTORE_DEFAULT_EN	other	int	unknown	yes	no
WAN_PHY_PORT	hs	WAN_PHY_PORT	wan	int	unknown	yes	no
LASER_POLARITY_TYPE	hs	LASER_POLARITY_TYPE	other	int	unknown	yes	no
PON_DETECT_ENABLE	hs	PON_DETECT_ENABLE	gpon	int	unknown	yes	no
HW_RF_TYPE	hs	HW_RF_TYPE	hardware	int	unknown	yes	no
HW_WLAN0_TX_POWER_CCK_A	hs	HW_WLAN0_TX_POWER_CCK_A	hardware	string	unknown	yes	no
HW_WLAN0_TX_POWER_CCK_B	hs	HW_WLAN0_TX_POWER_CCK_B	hardware	string	unknown	yes	no
HW_WLAN0_TX_POWER_HT40_1S_A	hs	HW_WLAN0_TX_POWER_HT40_1S_A	hardware	string	unknown	yes	no
HW_WLAN0_TX_POWER_HT40_1S_B	hs	HW_WLAN0_TX_POWER_HT40_1S_B	hardware	string	unknown	yes	no
HW_WLAN0_TX_POWER_DIFF_HT40_2S	hs	HW_WLAN0_TX_POWER_DIFF_HT40_2S	hardware	string	unknown	yes	no
HW_WLAN0_TX_POWER_DIFF_HT20	hs	HW_WLAN0_TX_POWER_DIFF_HT20	hardware	string	unknown	yes	no
HW_WLAN0_TX_POWER_DIFF_OFDM	hs	HW_WLAN0_TX_POWER_DIFF_OFDM	hardware	string	unknown	yes	no
HW_WLAN0_11N_TSSI1	hs	HW_WLAN0_11N_TSSI1	hardware	int	unknown	yes	no
HW_WLAN0_11N_TSSI2	hs	HW_WLAN0_11N_TSSI2	hardware	int	unknown	yes	no
HW_WLAN0_11N_THER	hs	HW_WLAN0_11N_THER	hardware	int	unknown	yes	no
HW_WLAN0_11N_THER_2	hs	HW_WLAN0_11N_THER_2	hardware	int	unknown	yes	no
HW_WLAN0_11N_PA_TYPE	hs	HW_WLAN0_11N_PA_TYPE	hardware	int	unknown	yes	no
HW_WLAN0_REG_DOMAIN	hs	HW_WLAN0_REG_DOMAIN	hardware	int	unknown	yes	no
HW_WLAN0_11N_TRSWITCH	hs	HW_WLAN0_11N_TRSWITCH	hardware	int	unknown	yes	no
HW_WLAN0_11N_TRSWPAPE_C9	hs	HW_WLAN0_11N_TRSWPAPE_C9	hardware	int	unknown	yes	no
HW_WLAN0_11N_TRSWPAPE_CC	hs	HW_WLAN0_11N_TRSWPAPE_CC	hardware	int	unknown	yes	no
HW_ANT_DIVERSITY	hs	HW_ANT_DIVERSITY	hardware	int	unknown	yes	no
HW_TX_ANT	hs	HW_TX_ANT	hardware	int	unknown	yes	no
HW_CS_THRESHOLD	hs	HW_CS_THRESHOLD	hardware	int	unknown	yes	no
HW_CCA_MODE	hs	HW_CCA_MODE	hardware	int	unknown	yes	no
HW_PHY_TYPE	hs	HW_PHY_TYPE	hardware	int	unknown	yes	no
HW_WLAN_LED_TYPE	hs	HW_WLAN_LED_TYPE	hardware	int	unknown	yes	no
BYTE	hs	BYTE	other	int	unknown	yes	no
WORD	hs	WORD	other	int	unknown	yes	no
DWORD	hs	DWORD	other	int	unknown	yes	no
INT1	hs	INT1	other	int	unknown	yes	no
INT2	hs	INT2	other	string	unknown	yes	no
WIFI_SUPPORT	hs	WIFI_SUPPORT	other	int	unknown	yes	no
HW_SERIAL_NO	hs	HW_SERIAL_NO	hardware	mac	unknown	yes	no
HW_FON_KEYWORD	hs	HW_FON_KEYWORD	hardware	string	unknown	yes	no
HW_WLAN0_11N_XCAP	hs	HW_WLAN0_11N_XCAP	hardware	int	unknown	yes	no
HW_WLAN0_11N_XCAP_2	hs	HW_WLAN0_11N_XCAP_2	hardware	int	unknown	yes	no
HW_WLAN0_11N_TARGET_PWR	hs	HW_WLAN0_11N_TARGET_PWR	hardware	int	unknown	yes	no
HW_WLAN0_COUNTRYCODE	hs	HW_WLAN0_COUNTRYCODE	hardware	int	unknown	yes	no
HW_WLAN1_COUNTRYCODE	hs	HW_WLAN1_COUNTRYCODE	hardware	int	unknown	yes	no
HW_WLAN0_COUNTRYSTR	hs	HW_WLAN0_COUNTRYSTR	hardware	string	unknown	yes	no
HW_WLAN1_COUNTRYSTR	hs	HW_WLAN1_COUNTRYSTR	hardware	string	unknown	yes	no
HW_CWMP_MANUFACTURER	hs	HW_CWMP_MANUFACTURER	hardware	string	unknown	yes	no
HW_CWMP_PRODUCTCLASS	hs	HW_CWMP_PRODUCTCLASS	hardware	string	unknown	yes	no
HW_HWVER	hs	HW_HWVER	hardware	string	unknown	yes	no
GPON_ONU_MODEL	hs	GPON_ONU_MODEL	gpon	string	unknown	identity	yes
LAN_SDS_MODE	hs	LAN_SDS_MODE	lan	int	unknown	never	no
PON_MODE	hs	PON_MODE	gpon	int	unknown	identity	yes
PON_LED_SPEC	hs	PON_LED_SPEC	gpon	int	unknown	yes	no
OUI	hs	OUI	other	string	unknown	yes	no
PORT_REMAPPING	hs	PORT_REMAPPING	other	string	unknown	yes	no
PON_VENDOR_ID	hs	PON_VENDOR_ID	gpon	string	unknown	identity	yes
GPON_SN	hs	GPON_SN	gpon	string	restart:omci	identity	yes
EPON_ONU_MODEL	hs	EPON_ONU_MODEL	epon	string	unknown	yes	no
EPON_EXTONU_MODEL	hs	EPON_EXTONU_MODEL	epon	string	unknown	yes	no
EPON_SILENT_MODE	hs	EPON_SILENT_MODE	epon	int	unknown	yes	no
