# Curated help for the keys worth explaining. Hand-written, and deliberately NOT
# produced by gen-schema.py: that file is regenerated from a device and would
# overwrite anything written here. Merged with it by name, in the browser.
#
# The rows for keys in settings.tsv describe what the odi-oss image does with
# them. The rest describe the stock firmware -- /etc/runomci.sh for how a key
# reaches omci_app, and measurement for the rest -- and are shown only in the
# read-only stock-keys view. Where a claim is not grounded it says so rather
# than guessing.
#
# options  value=label, separated by |
# depends  KEY=VALUE, joined by &. When unmet the UI says the key is ignored,
#          because that is what the firmware does with it.
# range    min-max, inclusive
name	label	help	options	depends	range
DEVICE_TYPE	Device mode	Becomes `omci_app -t`. Anything outside the listed values falls back to bridge. Switching between HGU and SFU also needs a CS factory reset — this key alone leaves a stale WAN entry behind and the ONU keeps running as a router.	0=0 — SFU / bridge|1=1 — HGU / router|2=2 — hybrid		
OMCI_CUSTOM_RDP	Routing datapath features	Bitmask, DECIMAL -- `flash set` accepts nothing else. Passed as `omci_app -cr`. Each bit loads one plugin from lib/features; the field below decodes it. Bit 0x4 is `ignore_conn_uniNode_check`, which suppresses the ME 171 uniNode association check; the stock firmware ships with 4. On the 2024 firmware that same bit also skips populating the resolved association, which stops the ONU forwarding at all.			
OMCI_CUSTOM_BDP	Bridge datapath features	Bitmask, DECIMAL. Passed as `omci_app -cb`. Each bit loads one plugin from lib/features; the field below decodes it against this image.			
OMCI_CUSTOM_ME	Managed-entity features	Bitmask, DECIMAL. Passed as `omci_app -cme`. Bit 0x100 is `cf_apply_customized_veip_slot_id`, which is what makes OMCI_VEIP_SLOT_ID take effect at all -- set the slot id without this bit and nothing happens.			
OMCI_CUSTOM_MCAST	Multicast features	Bitmask, DECIMAL. Passed as `omci_app -cmc`. Each bit loads one plugin from lib/features; the field below decodes it.			
DUAL_MGMT_MODE	Dual management	1 starts omci_app with `-m enable_wq`.	0=0 — off|1=1 — enable_wq		
OMCI_FAKE_OK	Acknowledge unsupported OMCI	Answers OK to OMCI operations the stack cannot actually satisfy. Some OLTs refuse to finish provisioning without it.	0=0 — off|1=1 — on		
OMCI_OLT_MODE	OLT vendor profile	Read by boa, configd, led, mib and xmlconfig — and NOT by omci_app or checkomci. It does not affect provisioning, which was confirmed from the binaries rather than assumed.			
OMCI_VEIP_SLOT_ID	VEIP slot	Passed to omci_app, and read as a single byte -- so the MSB of the entity id you want, 14 for 0x0e01, not the whole id. It does nothing on its own: bit 0x100 of OMCI_CUSTOM_ME loads `cf_apply_customized_veip_slot_id`, and without that bit the value is ignored. 255 is the default here; whether the OLT ends up bridged to the VEIP or the physical UNI is what it provisioned on ME 47, not this key alone, unless OMCI_CUSTOM_ME bit 0x100 is set.			
PON_MODE	PON type	Handed to the europa driver at boot by insert_europa.sh, and read by runsdk.sh to choose which stack starts. This key is not only yours: with PON detection on, pondetect rewrites it and reboots after about 24 seconds of light without PON sync, so a value that changed on its own came from there.	1=1 — GPON|2=2 — EPON		
PON_VENDOR_ID	Vendor prefix	The first four characters of the serial number, and must match it.			
MAC_KEY	MAC key	32 hex characters.			
GPON_PLOAM_FORMAT	PLOAM format	1 is the shipped value.			
SUSER_NAME	Admin username	The device login for SSH and telnet. Not this UI's password, which lives in /etc/config/confd.auth.			
SUSER_PASSWORD	Admin password	The device login for SSH and telnet.			
SW_PORT_TBL[0].PVID	Port 0 default VLAN	The VLAN untagged frames are placed in on the host-side switch port. Upstream issue #475 reports setting this to 0 as the fix for an ONU that registers but forwards nothing; the shipped values are confirmed to forward correctly on their own, so this is recorded as untried rather than recommended.			
SW_PORT_TBL[1].PVID	Port 1 default VLAN	As above, for the second switch port.			
DNS_MODE	DNS source	Whether the resolver addresses below are used or taken from the upstream connection.	0=0 — from upstream|1=1 — use the addresses below		
DNS1	Primary DNS			DNS_MODE=1	
DNS2	Secondary DNS			DNS_MODE=1	
DNS3	Tertiary DNS			DNS_MODE=1	
OMCI_LOGFILE	OMCI logging	Writes the decoded OMCI conversation with the OLT. 2 is the parsed form, landing in /tmp/omcilog.par — about 95 KB for a full registration. Reading that exchange is the only way to see what the OLT is actually asking for.	0=0 — off|1=1 — raw|2=2 — parsed		
OMCI_LOGFILE_MASK	OMCI log filter	Which message types to log. 4294967295 logs everything.		OMCI_LOGFILE=2	
OMCI_DBGLVL	OMCI debug level	Leave at 0. /tmp is an unbounded RAM disk on a device with about 1.5 MB free, so the debug level can exhaust memory; parsed message logging is bounded and is what you actually want.	0=0 — errors only|1=1 — errors|2=2 — warnings|3=3 — info|4=4 — debug (can exhaust memory)		
PON_DETECT_ENABLE	PON detection	What `pondetect` does with the PON MAC, every two seconds. On: if the SerDes sees light but never achieves sync for about 24 seconds, it concludes the PON type is wrong, rewrites PON_MODE to the other one and hard-reboots -- so a stick that comes back as EPON after a fibre fault did that to itself. Off does not stop pondetect: it still resets the SerDes CDR on every unsynced sample, it just never touches the flash. Detection is skipped entirely while GPON_SN is the factory default RTKG11111111. Read at boot by runsdk.sh, so a change needs a reboot.	0=0 — off (CDR reset only, never rewrites PON_MODE)|1=1 — on (may rewrite PON_MODE and reboot)		
FIBER_MODE	Fibre mode	Never writable here. Like the SerDes mode, getting it wrong can take the link down and with it every way into the device.			
LAN_IP_ADDR	Management IP	The address SSH, this UI and the exporter answer on. Saving moves it at once, and this page with it: note the new address first, or turn on the second address below as a way back.			
LAN_SUBNET	Management netmask	Netmask for the management address, applied with it.			
LAN_ENABLE_IP2	Second management address	A second, fixed address beside the first (br0:2), for reaching the stick when the first is changed to something you cannot route to; turning it off removes it at once, and a page opened on it stops answering.	0=0 — off (removes it at once)|1=1 — on		
LAN_IP_ADDR2	Second management IP	Only used when the second address is on; a change moves it at once, and a page opened on the old one stops answering. 192.168.100.1 is the common choice.		LAN_ENABLE_IP2=1	
LAN_SUBNET2	Second management netmask			LAN_ENABLE_IP2=1	
VLAN_CFG_TYPE	VLAN config mode	1 lets the manual VLAN below tag the services; any other value means the stick adds no tag at all, whatever the VLAN ID says, and on a line whose OLT accepts only tagged frames the service then stops unless the router tags the service VLAN itself. Applied at once, without re-ranging the ONU.	0=0 — transparent: no tag, service stops unless the router tags|1=1 — manual: the stick tags (below)		
VLAN_MANU_MODE	Manual VLAN mode	Who tags the service VLAN; with router tags the stick adds no tag, and on a line whose OLT accepts only tagged frames the service stops unless the router tags the VLAN itself. Stick tags: the ONU adds the VLAN ID and priority below to untagged frames upstream and removes the tag downstream. Router tags (transparent): the ONU adds and removes no tag, every VLAN the OLT carries passes to the router, which tags. Only read when VLAN config mode is 1; any other value is router tags. Applied at once, without dropping the fibre link: the ONU stays in O5 either way.	1=1 — Stick tags|0=0 — Router tags (transparent): service stops unless the router tags	VLAN_CFG_TYPE=1	
VLAN_MANU_TAG_VID	Service VLAN ID	The C-VLAN omcid adds upstream and removes downstream on the services the OLT provisions, your ISP service VLAN; a VLAN the OLT does not carry stops the service at once, while the ONU stays in O5 and looks healthy. Used only when VLAN config mode is 1 AND manual VLAN mode is 1, and only with a priority set too.		VLAN_CFG_TYPE=1&VLAN_MANU_MODE=1	1-4094
VLAN_MANU_TAG_PRI	VLAN priority	802.1p priority bits carried in the tag; keep the value the ISP uses, since an OLT that maps or filters by priority can drop frames with another one. Same gating as the VLAN ID; an empty priority means no manual tag, as on the stock firmware.		VLAN_CFG_TYPE=1&VLAN_MANU_MODE=1	0-7
GPON_SN	ONU serial number	What the OLT authenticates; a serial number the OLT does not know keeps the ONU off the line, with no service, until it is set back. Four-character vendor prefix followed by eight hex digits.			
GPON_PLOAM_PASSWD	PLOAM password	An OLT that checks the PLOAM password refuses the ONU with a wrong one, and the service stays down until it is set back. Stored as the hex of an ASCII string, shown decoded under the field. Many OLTs authenticate on the serial number alone and leave this empty; others require it.			
ELAN_MAC_ADDR	UNI MAC address	The MAC of eth0, its host port and br0.			
LOID	LOID	The logical ONU id a CTC-profile OLT asks for; such an OLT refuses the ONU with a wrong one, and the service stays down until it is set back. Left unset when the OLT does not require one. Cannot be cleared from here: the store refuses an empty value.			
LOID_PASSWD	LOID password	The password that goes with the LOID; a wrong one keeps the ONU off a CTC-profile OLT that checks it.			
LOID_OLD	LOID (in force)	The value omcid actually answers when it differs from LOID. Saving LOID writes this too.			
LOID_PASSWD_OLD	LOID password (in force)	As above, for the password.			
OMCI_SW_VER1	Software version, image 0	What the OLT is told image 0 runs (software image entity, 14 characters at most). An OLT that provisions only the identity it expects can leave the ONU in O5 with management and no service when it reads another value.			
OMCI_SW_VER2	Software version, image 1	What the OLT is told image 1 runs. An OLT that provisions only the identity it expects can leave the ONU in O5 with management and no service when it reads another value.			
GPON_ONU_MODEL	ONU model	The equipment id the OLT reads in ONU2-G (20 characters at most). The stock firmware reports IGD. An OLT that provisions only the identity it expects can leave the ONU in O5 with management and no service when it reads another value.			
OMCC_VER	OMCC version	ONU2-G OMCC version, decimal. 128 (0x80) is what this image and the stock firmware report. An OLT that provisions only the identity it expects can leave the ONU in O5 with management and no service when it reads another value.			0-255
OMCI_VENDOR_PRODUCT_CODE	Vendor product code	ONU2-G vendor product code, decimal. 15 is what this image and the stock firmware report. An OLT that provisions only the identity it expects can leave the ONU in O5 with management and no service when it reads another value.			0-65535
ONU_HW_VERSION	ONU hardware version	The hardware version the OLT reads in ONU-G (14 printable ASCII characters at most), which some OLTs whitelist. Reported only while the OLT identity switch is on; otherwise the device id. Leave it empty to report the device id: an empty value removes the key. A longer value, or one with a character outside printable ASCII, is ignored whole rather than cut, since a truncated version is a different version. Read by this image, not the stock firmware. An OLT that provisions only the identity it expects can leave the ONU in O5 with management and no service when it reads another value.			
OLT_SW_DOWNLOAD	Firmware pushed by the ISP	What omcid does when the OLT starts a software download to this ONU. Accept answers the download and discards the image; reject refuses it. Either way nothing is installed, flashed or rebooted, and the software image entity only reports the image as activated and committed so the OLT is satisfied. Unset is accept. Read at every download step, so a change is in effect at once. Read by this image, not the stock firmware.	accept=accept — answered, then discarded (the service is not touched)|reject=reject — refused (the service is not touched)		
OMCI_UNKNOWN_ME_OK	Answer unknown entities with success	1 answers a Create, Set or Get of a managed entity class omcid has no model for with success, instead of the standard unknown-entity error; off (0 or unset) keeps the error. Turn it on only for an OLT that stalls its provisioning at such an answer, after logread shows event=unknown_me for the class it stops at. The risk: if that entity carried part of a service (a VLAN rule, a queue, a vendor extension), the part is silently missing while the OLT believes it is in place, so the ONU reaches O5 and looks provisioned while the service may not work, and an OLT that audits the MIB against what it wrote can resynchronise over and over. Check the service afterwards. Read by this image, not the stock firmware.	0=0 — off (unknown entity, the standard answer)|1=1 — on (answer success; a part of a service may be silently missing)		
SYSLOG_SERVER	Remote syslog server	The remote syslog collector, as `host` or `host:port`; empty (the shipped default) leaves remote logging off. Read by this image, not the stock firmware. Letters, digits, dots and hyphens only, optional port 1-65535.			
NTP_SERVER	NTP server	The NTP server, as `host` or `host:port`; empty (the shipped default) leaves the NTP client off. Read by this image, not the stock firmware. Passed to busybox `ntpd -p`, which resolves the string with the shared host2sockaddr/str2sockaddr helper -- a bare host defaults to port 123, and a trailing `:port` overrides it. Letters, digits, dots and hyphens only, optional port 1-65535.			
